sample_idx,document_id,pers_entity_id,loc_entity_id,pred_label,confidence,prob_FALSE,prob_TRUE,prob_PROBABLE
0,EXP-1948-02-23-a-i0080,EXP-1948-02-23-a-i0080-NIL_b_ad_,EXP-1948-02-23-a-i0080_Q33946,TRUE,0.615012,0.24776,0.615012,0.137228
1,EXP-1948-02-23-a-i0080,EXP-1948-02-23-a-i0080_Q543364,EXP-1948-02-23-a-i0080_Q72,TRUE,0.974455,0.007557,0.974455,0.017988
2,EXP-1948-02-23-a-i0080,EXP-1948-02-23-a-i0080_Q550992,EXP-1948-02-23-a-i0080-NIL_montchoisi,TRUE,0.973406,0.007317,0.973406,0.019277
3,EXP-1948-02-23-a-i0080,EXP-1948-02-23-a-i0080-NIL_hennsler,EXP-1948-02-23-a-i0080-NIL_montchoisi,TRUE,0.971578,0.008878,0.971578,0.019544
4,EXP-1948-02-23-a-i0080,EXP-1948-02-23-a-i0080_Q571055,EXP-1948-02-23-a-i0080-NIL_montchoisi,TRUE,0.970526,0.008529,0.970526,0.020945
5,EXP-1948-02-23-a-i0080,EXP-1948-02-23-a-i0080-NIL_ernst,EXP-1948-02-23-a-i0080_Q14338,TRUE,0.660974,0.266017,0.660974,0.073009
6,EXP-1948-02-23-a-i0080,EXP-1948-02-23-a-i0080_Q571055,EXP-1948-02-23-a-i0080_Q72,TRUE,0.974339,0.007675,0.974339,0.017986
7,EXP-1948-02-23-a-i0080,EXP-1948-02-23-a-i0080-NIL_rossi,EXP-1948-02-23-a-i0080_Q14338,TRUE,0.886802,0.069732,0.886802,0.043467
8,EXP-1948-02-23-a-i0080,EXP-1948-02-23-a-i0080-NIL_urson,EXP-1948-02-23-a-i0080_Q72,TRUE,0.974266,0.007323,0.974266,0.018411
9,EXP-1948-02-23-a-i0080,EXP-1948-02-23-a-i0080_Q674124,EXP-1948-02-23-a-i0080_Q14338,TRUE,0.944701,0.02765,0.944701,0.02765
10,EXP-1948-02-23-a-i0080,EXP-1948-02-23-a-i0080_Q550992,EXP-1948-02-23-a-i0080_Q72,TRUE,0.955439,0.015933,0.955439,0.028627
11,EXP-1948-02-23-a-i0080,EXP-1948-02-23-a-i0080-NIL_caseel,EXP-1948-02-23-a-i0080-NIL_montchoisi,TRUE,0.47218,0.341097,0.47218,0.186723
12,EXP-1948-02-23-a-i0080,EXP-1948-02-23-a-i0080-NIL_ernst,EXP-1948-02-23-a-i0080_Q72,TRUE,0.973552,0.007318,0.973552,0.01913
13,EXP-1948-02-23-a-i0080,EXP-1948-02-23-a-i0080_Q543364,EXP-1948-02-23-a-i0080-NIL_montchoisi,TRUE,0.973729,0.007435,0.973729,0.018837
14,EXP-1948-02-23-a-i0080,EXP-1948-02-23-a-i0080-NIL_rossi,EXP-1948-02-23-a-i0080_Q72,TRUE,0.97554,0.007806,0.97554,0.016654
15,EXP-1948-02-23-a-i0080,EXP-1948-02-23-a-i0080_Q674124,EXP-1948-02-23-a-i0080_Q72,TRUE,0.915876,0.039928,0.915876,0.044196
16,EXP-1928-05-29-a-i0007,EXP-1928-05-29-a-i0007_Q193009,EXP-1928-05-29-a-i0007_Q90,TRUE,0.973871,0.007436,0.973871,0.018693
17,EXP-1928-05-29-a-i0007,EXP-1928-05-29-a-i0007_Q577806,EXP-1928-05-29-a-i0007_Q1748,FALSE,0.956587,0.956587,0.0143,0.029113
18,EXP-1928-05-29-a-i0007,EXP-1928-05-29-a-i0007_Q205545,EXP-1928-05-29-a-i0007_Q41,TRUE,0.962874,0.013208,0.962874,0.023917
19,EXP-1928-05-29-a-i0007,EXP-1928-05-29-a-i0007_Q2938873,EXP-1928-05-29-a-i0007_Q1748,FALSE,0.956035,0.956035,0.015095,0.02887
20,EXP-1928-05-29-a-i0007,EXP-1928-05-29-a-i0007_Q193009,EXP-1928-05-29-a-i0007_Q60,TRUE,0.969957,0.009435,0.969957,0.020608
21,EXP-1928-05-29-a-i0007,EXP-1928-05-29-a-i0007_Q5460813,EXP-1928-05-29-a-i0007_Q90,FALSE,0.92616,0.92616,0.042149,0.031691
22,EXP-1928-05-29-a-i0007,EXP-1928-05-29-a-i0007_Q5460813,EXP-1928-05-29-a-i0007_Q206539,FALSE,0.899079,0.899079,0.062634,0.038287
23,EXP-1928-05-29-a-i0007,EXP-1928-05-29-a-i0007-NIL_cesar_aseltra,EXP-1928-05-29-a-i0007_Q1486,FALSE,0.955913,0.955913,0.016969,0.027117
24,EXP-1928-05-29-a-i0007,EXP-1928-05-29-a-i0007_Q205545,EXP-1928-05-29-a-i0007_Q84,FALSE,0.960181,0.960181,0.014131,0.025688
25,EXP-1928-05-29-a-i0007,EXP-1928-05-29-a-i0007-NIL_cesar_aseltra,EXP-1928-05-29-a-i0007_Q3711,FALSE,0.956915,0.956915,0.016465,0.026621
26,EXP-1928-05-29-a-i0007,EXP-1928-05-29-a-i0007_Q193009,EXP-1928-05-29-a-i0007_Q84,FALSE,0.898058,0.898058,0.06712,0.034821
27,EXP-1928-05-29-a-i0007,EXP-1928-05-29-a-i0007_Q9458,EXP-1928-05-29-a-i0007_Q43407,FALSE,0.954544,0.954544,0.017078,0.028378
28,EXP-1928-05-29-a-i0007,EXP-1928-05-29-a-i0007_Q2938873,EXP-1928-05-29-a-i0007_Q43407,FALSE,0.957548,0.957548,0.013874,0.028579
29,EXP-1928-05-29-a-i0007,EXP-1928-05-29-a-i0007-NIL_cesar_aseltra,EXP-1928-05-29-a-i0007_Q585,FALSE,0.955645,0.955645,0.018487,0.025868
30,EXP-1928-05-29-a-i0007,EXP-1928-05-29-a-i0007_Q2938873,EXP-1928-05-29-a-i0007_Q585,FALSE,0.959111,0.959111,0.013575,0.027314
31,EXP-1928-05-29-a-i0007,EXP-1928-05-29-a-i0007-NIL_cesar_aseltra,EXP-1928-05-29-a-i0007_Q1748,FALSE,0.952962,0.952962,0.019471,0.027567
32,GDL-1908-04-08-a-i0023,GDL-1908-04-08-a-i0023_Q55684378,GDL-1908-04-08-a-i0023_Q12433,TRUE,0.967215,0.00986,0.967215,0.022925
33,GDL-1908-04-08-a-i0023,GDL-1908-04-08-a-i0023_Q118243,GDL-1908-04-08-a-i0023_Q11972,TRUE,0.955078,0.016305,0.955078,0.028616
34,GDL-1908-04-08-a-i0023,GDL-1908-04-08-a-i0023_Q3154758,GDL-1908-04-08-a-i0023_Q12433,FALSE,0.954936,0.954936,0.015196,0.029868
35,GDL-1908-04-08-a-i0023,GDL-1908-04-08-a-i0023_Q3154758,GDL-1908-04-08-a-i0023_Q11972,FALSE,0.95571,0.95571,0.01509,0.0292
36,GDL-1908-04-08-a-i0023,GDL-1908-04-08-a-i0023_Q361258,GDL-1908-04-08-a-i0023_Q11972,TRUE,0.969764,0.009143,0.969764,0.021093
37,GDL-1908-04-08-a-i0023,GDL-1908-04-08-a-i0023_Q118243,GDL-1908-04-08-a-i0023_Q12433,TRUE,0.87021,0.07284,0.87021,0.05695
38,GDL-1908-04-08-a-i0023,GDL-1908-04-08-a-i0023_Q55684378,GDL-1908-04-08-a-i0023_Q11972,FALSE,0.950687,0.950687,0.019577,0.029735
39,GDL-1908-04-08-a-i0023,GDL-1908-04-08-a-i0023_Q361258,GDL-1908-04-08-a-i0023_Q12433,TRUE,0.966152,0.009849,0.966152,0.023999
40,GDL-1908-04-08-a-i0023,GDL-1908-04-08-a-i0023_Q559892,GDL-1908-04-08-a-i0023_Q12433,FALSE,0.863942,0.863942,0.08655,0.049508
41,GDL-1908-04-08-a-i0023,GDL-1908-04-08-a-i0023_Q559892,GDL-1908-04-08-a-i0023_Q11972,FALSE,0.840914,0.840914,0.11052,0.048566
42,IMP-1938-03-11-a-i0092,IMP-1938-03-11-a-i0092_Q207739,IMP-1938-03-11-a-i0092_Q234453,TRUE,0.973072,0.007201,0.973072,0.019728
43,IMP-1938-03-11-a-i0092,IMP-1938-03-11-a-i0092-NIL_warren_williams,IMP-1938-03-11-a-i0092_Q234453,TRUE,0.972532,0.007904,0.972532,0.019563
44,IMP-1938-03-11-a-i0092,IMP-1938-03-11-a-i0092_Q71243,IMP-1938-03-11-a-i0092_Q234453,TRUE,0.96997,0.008933,0.96997,0.021097
45,IMP-1938-03-11-a-i0092,IMP-1938-03-11-a-i0092-NIL_pat_o_brien,IMP-1938-03-11-a-i0092_Q234453,TRUE,0.969971,0.008262,0.969971,0.021767
46,IMP-1938-03-11-a-i0092,IMP-1938-03-11-a-i0092_Q1790788,IMP-1938-03-11-a-i0092_Q234453,TRUE,0.969587,0.008655,0.969587,0.021758
47,IMP-1938-03-11-a-i0092,IMP-1938-03-11-a-i0092-NIL_rene_brest,IMP-1938-03-11-a-i0092_Q234453,TRUE,0.932804,0.030457,0.932804,0.036738
48,IMP-1938-03-11-a-i0092,IMP-1938-03-11-a-i0092_Q950857,IMP-1938-03-11-a-i0092_Q234453,TRUE,0.973871,0.007436,0.973871,0.018693
49,IMP-1938-03-11-a-i0092,IMP-1938-03-11-a-i0092-NIL_williams,IMP-1938-03-11-a-i0092_Q234453,TRUE,0.968453,0.009644,0.968453,0.021903
50,test_fr_7,test_fr_7-NIL_chesneau,test_fr_7-NIL_salie_robie_134_route_nav,FALSE,0.950329,0.950329,0.015725,0.033946
51,test_fr_7,test_fr_7_Q3300985,test_fr_7_Q238723,TRUE,0.904318,0.062999,0.904318,0.032683
52,test_fr_7,test_fr_7_Q2842375,test_fr_7-NIL_111_rue_du_chateau,FALSE,0.952642,0.952642,0.015763,0.031595
53,test_fr_7,test_fr_7_Q3300985,test_fr_7-NIL_1_avenue_de_la_porte_d_orleans,FALSE,0.92991,0.92991,0.033608,0.036482
54,test_fr_7,test_fr_7-NIL_mension,test_fr_7_Q238723,FALSE,0.939628,0.939628,0.024081,0.036291
55,test_fr_7,test_fr_7-NIL_compain,test_fr_7-NIL_salle_de_la_justepaix,FALSE,0.954358,0.954358,0.015792,0.02985
56,test_fr_7,test_fr_7_Q877804,test_fr_7_Q238723,TRUE,0.758981,0.191348,0.758981,0.049671
57,test_fr_7,test_fr_7-NIL_rouffianges,test_fr_7-NIL_115_rue_didot,FALSE,0.952875,0.952875,0.015891,0.031234
58,test_fr_7,test_fr_7-NIL_m_prince,test_fr_7_Q187153,TRUE,0.855235,0.105386,0.855235,0.03938
59,test_fr_7,test_fr_7_Q3059882,test_fr_7_Q205537,FALSE,0.867494,0.867494,0.092873,0.039633
60,test_fr_7,test_fr_7-NIL_letrange,test_fr_7_Q238723,FALSE,0.958786,0.958786,0.013152,0.028062
61,test_fr_7,test_fr_7-NIL_letrange,test_fr_7-NIL_111_rue_du_chateau,FALSE,0.947914,0.947914,0.016183,0.035903
62,test_fr_7,test_fr_7-NIL_joseph_dubois,test_fr_7-NIL_amphi_theatre_richelieu,FALSE,0.949506,0.949506,0.021142,0.029353
63,test_fr_7,test_fr_7_Q2118124,test_fr_7_Q83432,FALSE,0.955603,0.955603,0.014971,0.029426
64,test_fr_7,test_fr_7-NIL_rouffianges,test_fr_7-NIL_amphi_theatre_richelieu,FALSE,0.950503,0.950503,0.018824,0.030673
65,test_fr_7,test_fr_7_Q2842375,test_fr_7-NIL_115_rue_didot,FALSE,0.952495,0.952495,0.016647,0.030858
66,GDL-1921-09-19-19,GDL-1921-09-19-19-NIL_trianon,GDL-1921-09-19-19-NIL_autriche,FALSE,0.959516,0.959516,0.013687,0.026797
67,GDL-1921-09-19-19,GDL-1921-09-19-19-NIL_valera,GDL-1921-09-19-19-NIL_rome,FALSE,0.956543,0.956543,0.015461,0.027996
68,GDL-1921-09-19-19,GDL-1921-09-19-19-NIL_m_aug_gauvain,GDL-1921-09-19-19-NIL_prague,FALSE,0.957757,0.957757,0.01443,0.027814
69,GDL-1921-09-19-19,GDL-1921-09-19-19-NIL_valera,GDL-1921-09-19-19-NIL_belgrade,FALSE,0.955693,0.955693,0.015447,0.028859
70,GDL-1921-09-19-19,GDL-1921-09-19-19-NIL_valera,GDL-1921-09-19-19-NIL_budapest,FALSE,0.957746,0.957746,0.014657,0.027597
71,GDL-1921-09-19-19,GDL-1921-09-19-19-NIL_valera,GDL-1921-09-19-19-NIL_prague,FALSE,0.957861,0.957861,0.014431,0.027708
72,GDL-1921-09-19-19,GDL-1921-09-19-19-NIL_m_aug_gauvain,GDL-1921-09-19-19-NIL_paris,FALSE,0.958595,0.958595,0.015254,0.026151
73,GDL-1921-09-19-19,GDL-1921-09-19-19-NIL_trianon,GDL-1921-09-19-19-NIL_bunj_enland,FALSE,0.961876,0.961876,0.012591,0.025533
74,GDL-1921-09-19-19,GDL-1921-09-19-19-NIL_valera,GDL-1921-09-19-19-NIL_paris,FALSE,0.957073,0.957073,0.015349,0.027578
75,GDL-1921-09-19-19,GDL-1921-09-19-19-NIL_valera,GDL-1921-09-19-19-NIL_vienne,FALSE,0.95699,0.95699,0.01511,0.0279
76,GDL-1921-09-19-19,GDL-1921-09-19-19-NIL_m_aug_gauvain,GDL-1921-09-19-19-NIL_belgrade,FALSE,0.956205,0.956205,0.015699,0.028096
77,GDL-1921-09-19-19,GDL-1921-09-19-19-NIL_m_aug_gauvain,GDL-1921-09-19-19-NIL_rome,FALSE,0.956585,0.956585,0.014754,0.028662
78,GDL-1921-09-19-19,GDL-1921-09-19-19-NIL_valera,GDL-1921-09-19-19-NIL_pologne,FALSE,0.957214,0.957214,0.014879,0.027907
79,GDL-1921-09-19-19,GDL-1921-09-19-19-NIL_valera,GDL-1921-09-19-19-NIL_allemagne,FALSE,0.955378,0.955378,0.015203,0.029419
80,GDL-1921-09-19-19,GDL-1921-09-19-19-NIL_m_de_valera,GDL-1921-09-19-19-NIL_ois_ter,FALSE,0.957301,0.957301,0.015115,0.027584
81,GDL-1921-09-19-19,GDL-1921-09-19-19-NIL_m_aug_gauvain,GDL-1921-09-19-19-NIL_vienne,FALSE,0.953189,0.953189,0.018584,0.028227
82,EXP-1968-04-08-a-i0340,EXP-1968-04-08-a-i0340-NIL_biolley,EXP-1968-04-08-a-i0340_Q69109,FALSE,0.959579,0.959579,0.014345,0.026076
83,EXP-1968-04-08-a-i0340,EXP-1968-04-08-a-i0340_Q18398295,EXP-1968-04-08-a-i0340_Q807,TRUE,0.745397,0.209839,0.745397,0.044765
84,EXP-1968-04-08-a-i0340,EXP-1968-04-08-a-i0340_Q60446519,EXP-1968-04-08-a-i0340_Q69109,FALSE,0.951237,0.951237,0.024762,0.024001
85,EXP-1968-04-08-a-i0340,EXP-1968-04-08-a-i0340-NIL_rennhard,EXP-1968-04-08-a-i0340_Q807,FALSE,0.960214,0.960214,0.01359,0.026196
86,EXP-1968-04-08-a-i0340,EXP-1968-04-08-a-i0340-NIL_rennhard,EXP-1968-04-08-a-i0340_Q36378,FALSE,0.93902,0.93902,0.033281,0.027699
87,EXP-1968-04-08-a-i0340,EXP-1968-04-08-a-i0340-NIL_fischer,EXP-1968-04-08-a-i0340_Q39,TRUE,0.922175,0.047001,0.922175,0.030824
88,EXP-1968-04-08-a-i0340,EXP-1968-04-08-a-i0340_Q60446519,EXP-1968-04-08-a-i0340_Q28806,FALSE,0.960171,0.960171,0.014242,0.025588
89,EXP-1968-04-08-a-i0340,EXP-1968-04-08-a-i0340-NIL_biolley,EXP-1968-04-08-a-i0340_Q68290,FALSE,0.956369,0.956369,0.016074,0.027557
90,EXP-1968-04-08-a-i0340,EXP-1968-04-08-a-i0340-NIL_reusser,EXP-1968-04-08-a-i0340_Q14607,FALSE,0.951912,0.951912,0.022918,0.02517
91,EXP-1968-04-08-a-i0340,EXP-1968-04-08-a-i0340-NIL_kalt,EXP-1968-04-08-a-i0340_Q71,TRUE,0.548932,0.396928,0.548932,0.05414
92,EXP-1968-04-08-a-i0340,EXP-1968-04-08-a-i0340_Q60446519,EXP-1968-04-08-a-i0340_Q72,TRUE,0.931881,0.038164,0.931881,0.029955
93,EXP-1968-04-08-a-i0340,EXP-1968-04-08-a-i0340_Q19581676,EXP-1968-04-08-a-i0340_Q64099,FALSE,0.956163,0.956163,0.01765,0.026187
94,EXP-1968-04-08-a-i0340,EXP-1968-04-08-a-i0340-NIL_elliker,EXP-1968-04-08-a-i0340_Q72,TRUE,0.695024,0.252213,0.695024,0.052764
95,EXP-1968-04-08-a-i0340,EXP-1968-04-08-a-i0340_Q19581676,EXP-1968-04-08-a-i0340_Q28806,FALSE,0.958078,0.958078,0.01399,0.027932
96,EXP-1968-04-08-a-i0340,EXP-1968-04-08-a-i0340_Q57662412,EXP-1968-04-08-a-i0340_Q63946,FALSE,0.951899,0.951899,0.018559,0.029542
97,EXP-1968-04-08-a-i0340,EXP-1968-04-08-a-i0340-NIL_von_arx,EXP-1968-04-08-a-i0340_Q39,TRUE,0.908773,0.055435,0.908773,0.035792
98,GDL-1804-04-10-5,GDL-1804-04-10-5-NIL_m_addington,GDL-1804-04-10-5-NIL_londres,FALSE,0.949767,0.949767,0.024724,0.025509
99,GDL-1804-04-10-5,GDL-1804-04-10-5-NIL_moreau,GDL-1804-04-10-5-NIL_douvres,FALSE,0.958175,0.958175,0.014324,0.027502
100,GDL-1804-04-10-5,GDL-1804-04-10-5-NIL_moreau,GDL-1804-04-10-5-NIL_boulogne,FALSE,0.959226,0.959226,0.01491,0.025864
101,GDL-1804-04-10-5,GDL-1804-04-10-5-NIL_moreau,GDL-1804-04-10-5-NIL_deal,TRUE,0.472886,0.45655,0.472886,0.070563
102,GDL-1804-04-10-5,GDL-1804-04-10-5-NIL_m_addington,GDL-1804-04-10-5-NIL_boulogne,FALSE,0.941666,0.941666,0.030988,0.027346
103,GDL-1804-04-10-5,GDL-1804-04-10-5-NIL_m_addington,GDL-1804-04-10-5-NIL_deal,TRUE,0.675624,0.268482,0.675624,0.055894
104,GDL-1804-04-10-5,GDL-1804-04-10-5-NIL_m_addington,GDL-1804-04-10-5-NIL_douvres,FALSE,0.957003,0.957003,0.018085,0.024912
105,GDL-1804-04-10-5,GDL-1804-04-10-5-NIL_m_addington,GDL-1804-04-10-5-NIL_angleterre,TRUE,0.95963,0.016903,0.95963,0.023467
106,GDL-1804-04-10-5,GDL-1804-04-10-5-NIL_moreau,GDL-1804-04-10-5-NIL_londres,FALSE,0.944075,0.944075,0.027416,0.028509
107,GDL-1804-04-10-5,GDL-1804-04-10-5-NIL_moreau,GDL-1804-04-10-5-NIL_angleterre,TRUE,0.616585,0.313693,0.616585,0.069722
108,JDG-1841-03-18-19,JDG-1841-03-18-19-NIL_m_rouzier,JDG-1841-03-18-19-NIL_paris,FALSE,0.95311,0.95311,0.015648,0.031242
109,JDG-1841-03-18-19,JDG-1841-03-18-19-NIL_m_rouzier,JDG-1841-03-18-19-NIL_geneve,FALSE,0.954478,0.954478,0.016812,0.02871
110,JDG-1841-03-18-19,JDG-1841-03-18-19-NIL_m_rouzier,JDG-1841-03-18-19-NIL_arabie,FALSE,0.952993,0.952993,0.015646,0.03136
111,JDG-1841-03-18-19,JDG-1841-03-18-19-NIL_m_rouzier,JDG-1841-03-18-19-NIL_rue_de_rivoli_n_42_a_paris,FALSE,0.953319,0.953319,0.016275,0.030406
112,JDG-1841-03-18-19,JDG-1841-03-18-19-NIL_m_rouzier,JDG-1841-03-18-19-NIL_londres,FALSE,0.952992,0.952992,0.015525,0.031483
113,JDG-1841-03-18-19,JDG-1841-03-18-19-NIL_m_rouzier,JDG-1841-03-18-19-NIL_grande_bretagne,FALSE,0.951932,0.951932,0.016125,0.031943
114,JDG-1841-03-18-19,JDG-1841-03-18-19-NIL_m_rouzier,JDG-1841-03-18-19-NIL_etats_unis,FALSE,0.953798,0.953798,0.01506,0.031143
115,JDG-1841-03-18-19,JDG-1841-03-18-19-NIL_m_rouzier,JDG-1841-03-18-19-NIL_wasinghlon,FALSE,0.954825,0.954825,0.014958,0.030217
116,JDG-1841-03-18-19,JDG-1841-03-18-19-NIL_m_rouzier,JDG-1841-03-18-19-NIL_angleterre,FALSE,0.953569,0.953569,0.015779,0.030652
117,GDL-1948-08-09-a-i0002,GDL-1948-08-09-a-i0002-NIL_gustave_herrmann,GDL-1948-08-09-a-i0002_Q46,FALSE,0.960231,0.960231,0.016651,0.023118
118,GDL-1948-08-09-a-i0002,GDL-1948-08-09-a-i0002-NIL_gustave_herrmann,GDL-1948-08-09-a-i0002_Q40,TRUE,0.911693,0.055614,0.911693,0.032694
119,GDL-1948-08-09-a-i0002,GDL-1948-08-09-a-i0002-NIL_gustave_herrmann,GDL-1948-08-09-a-i0002_Q1741,FALSE,0.955603,0.955603,0.018631,0.025766
120,GDL-1928-08-28-a-i0014,GDL-1928-08-28-a-i0014-NIL_francois_savoy,GDL-1928-08-28-a-i0014_Q68429,FALSE,0.496472,0.496472,0.443299,0.060229
121,GDL-1928-08-28-a-i0014,GDL-1928-08-28-a-i0014-NIL_jenny_thirlimann,GDL-1928-08-28-a-i0014_Q64292,TRUE,0.724594,0.222505,0.724594,0.052901
122,GDL-1928-08-28-a-i0014,GDL-1928-08-28-a-i0014-NIL_aime_scheller,GDL-1928-08-28-a-i0014_Q68429,TRUE,0.968137,0.008916,0.968137,0.022947
123,GDL-1928-08-28-a-i0014,GDL-1928-08-28-a-i0014-NIL_max_veraaud,GDL-1928-08-28-a-i0014_Q68429,TRUE,0.969968,0.009584,0.969968,0.020448
124,GDL-1928-08-28-a-i0014,GDL-1928-08-28-a-i0014-NIL_aime_scheller,GDL-1928-08-28-a-i0014_Q404728,TRUE,0.967652,0.009413,0.967652,0.022935
125,GDL-1928-08-28-a-i0014,GDL-1928-08-28-a-i0014-NIL_francois_savoy,GDL-1928-08-28-a-i0014_Q36378,FALSE,0.562214,0.562214,0.381902,0.055885
126,GDL-1928-08-28-a-i0014,GDL-1928-08-28-a-i0014-NIL_aime_scheller,GDL-1928-08-28-a-i0014_Q71,TRUE,0.96758,0.009486,0.96758,0.022934
127,GDL-1928-08-28-a-i0014,GDL-1928-08-28-a-i0014-NIL_max_veraaud,GDL-1928-08-28-a-i0014_Q36378,TRUE,0.972048,0.007778,0.972048,0.020174
128,GDL-1928-08-28-a-i0014,GDL-1928-08-28-a-i0014-NIL_aime_scheller,GDL-1928-08-28-a-i0014-NIL_grand_mulet,TRUE,0.96831,0.008918,0.96831,0.022772
129,GDL-1928-08-28-a-i0014,GDL-1928-08-28-a-i0014-NIL_jenny_thirlimann,GDL-1928-08-28-a-i0014_Q63964,TRUE,0.937995,0.033901,0.937995,0.028105
130,GDL-1928-08-28-a-i0014,GDL-1928-08-28-a-i0014-NIL_aime_scheller,GDL-1928-08-28-a-i0014_Q583,TRUE,0.966539,0.010008,0.966539,0.023452
131,GDL-1928-08-28-a-i0014,GDL-1928-08-28-a-i0014-NIL_francois_savoy,GDL-1928-08-28-a-i0014_Q71,TRUE,0.970841,0.008532,0.970841,0.020627
132,GDL-1928-08-28-a-i0014,GDL-1928-08-28-a-i0014-NIL_max_veraaud,GDL-1928-08-28-a-i0014_Q63964,TRUE,0.884895,0.074359,0.884895,0.040745
133,GDL-1928-08-28-a-i0014,GDL-1928-08-28-a-i0014_Q63964,GDL-1928-08-28-a-i0014_Q63964,FALSE,0.824093,0.824093,0.130136,0.045771
134,GDL-1928-08-28-a-i0014,GDL-1928-08-28-a-i0014_Q63964,GDL-1928-08-28-a-i0014_Q64292,FALSE,0.87901,0.87901,0.081761,0.039229
135,GDL-1928-08-28-a-i0014,GDL-1928-08-28-a-i0014-NIL_max_veraaud,GDL-1928-08-28-a-i0014_Q71,TRUE,0.967853,0.009563,0.967853,0.022585
136,hidden_test_fr_28,hidden_test_fr_28_Q3261236,hidden_test_fr_28_Q4092,FALSE,0.95691,0.95691,0.014193,0.028896
137,hidden_test_fr_28,hidden_test_fr_28_Q3261236,hidden_test_fr_28_Q48365,FALSE,0.957757,0.957757,0.01443,0.027814
138,hidden_test_fr_28,hidden_test_fr_28-NIL_andre_camy,hidden_test_fr_28-NIL_4_rue_du_general_dodds,FALSE,0.958848,0.958848,0.014789,0.026364
139,hidden_test_fr_28,hidden_test_fr_28-NIL_andre_camy,hidden_test_fr_28-NIL_rue_de_ri_voli,FALSE,0.959111,0.959111,0.013575,0.027314
140,hidden_test_fr_28,hidden_test_fr_28-NIL_andre_camy,hidden_test_fr_28-NIL_42_rue_celine_robert,FALSE,0.957443,0.957443,0.014425,0.028132
141,hidden_test_fr_28,hidden_test_fr_28_Q3261236,hidden_test_fr_28_Q1649419,FALSE,0.957032,0.957032,0.015713,0.027255
142,hidden_test_fr_28,hidden_test_fr_28-NIL_anne_demeurer_dite_annik,hidden_test_fr_28-NIL_4_rue_du_general_dodds,FALSE,0.957913,0.957913,0.015125,0.026962
143,hidden_test_fr_28,hidden_test_fr_28-NIL_bernard_frank_capitaine_au_long_cours,hidden_test_fr_28_Q4092,FALSE,0.956518,0.956518,0.015704,0.027778
144,hidden_test_fr_28,hidden_test_fr_28-NIL_neouzet,hidden_test_fr_28-NIL_4_rue_du_general_dodds,FALSE,0.957763,0.957763,0.014095,0.028142
145,hidden_test_fr_28,hidden_test_fr_28_Q3261236,hidden_test_fr_28_Q459642,FALSE,0.956244,0.956244,0.015217,0.02854
146,hidden_test_fr_28,hidden_test_fr_28_Q160499,hidden_test_fr_28-NIL_42_rue_celine_robert,FALSE,0.958796,0.958796,0.01336,0.027844
147,hidden_test_fr_28,hidden_test_fr_28-NIL_annik_25_ans_originaire_de_plou,hidden_test_fr_28-NIL_4_rue_du_general_dodds,FALSE,0.956192,0.956192,0.015822,0.027986
148,hidden_test_fr_28,hidden_test_fr_28_Q3261236,hidden_test_fr_28_Q274327,FALSE,0.957628,0.957628,0.014886,0.027486
149,hidden_test_fr_28,hidden_test_fr_28_Q160499,hidden_test_fr_28_Q193819,FALSE,0.957742,0.957742,0.01345,0.028809
150,hidden_test_fr_28,hidden_test_fr_28-NIL_andre_camy,hidden_test_fr_28_Q193819,FALSE,0.958804,0.958804,0.013677,0.02752
151,hidden_test_fr_28,hidden_test_fr_28-NIL_jeunepostier_andre_camy_ne_le_18_mai_1910a_hauterive,hidden_test_fr_28_Q193819,FALSE,0.957319,0.957319,0.015841,0.026841
152,EXP-1998-07-25-a-i0143,EXP-1998-07-25-a-i0143-NIL_faz,EXP-1998-07-25-a-i0143_Q7024,FALSE,0.949302,0.949302,0.019702,0.030996
153,EXP-1998-07-25-a-i0143,EXP-1998-07-25-a-i0143-NIL_faz,EXP-1998-07-25-a-i0143_Q870106,FALSE,0.570134,0.570134,0.053031,0.376835
154,EXP-1998-07-25-a-i0143,EXP-1998-07-25-a-i0143-NIL_faz,EXP-1998-07-25-a-i0143_Q4191,FALSE,0.956459,0.956459,0.013858,0.029683
155,EXP-1998-07-25-a-i0143,EXP-1998-07-25-a-i0143-NIL_faz,EXP-1998-07-25-a-i0143_Q69345,FALSE,0.957126,0.957126,0.014308,0.028566
156,EXP-1998-07-25-a-i0143,EXP-1998-07-25-a-i0143_Q426349,EXP-1998-07-25-a-i0143_Q7024,FALSE,0.936749,0.936749,0.027632,0.035619
157,EXP-1998-07-25-a-i0143,EXP-1998-07-25-a-i0143-NIL_faz,EXP-1998-07-25-a-i0143_Q25607,FALSE,0.957952,0.957952,0.01466,0.027388
158,EXP-1998-07-25-a-i0143,EXP-1998-07-25-a-i0143_Q2057522,EXP-1998-07-25-a-i0143_Q14274,FALSE,0.924422,0.924422,0.041906,0.033672
159,EXP-1998-07-25-a-i0143,EXP-1998-07-25-a-i0143_Q1267777,EXP-1998-07-25-a-i0143_Q667174,FALSE,0.667804,0.667804,0.21386,0.118336
160,EXP-1998-07-25-a-i0143,EXP-1998-07-25-a-i0143_Q668029,EXP-1998-07-25-a-i0143_Q870106,TRUE,0.971064,0.00765,0.971064,0.021287
161,EXP-1998-07-25-a-i0143,EXP-1998-07-25-a-i0143_Q668029,EXP-1998-07-25-a-i0143_Q7024,TRUE,0.968448,0.011452,0.968448,0.0201
162,EXP-1998-07-25-a-i0143,EXP-1998-07-25-a-i0143_Q3510151,EXP-1998-07-25-a-i0143_Q870106,TRUE,0.863441,0.054342,0.863441,0.082217
163,EXP-1998-07-25-a-i0143,EXP-1998-07-25-a-i0143_Q2449599,EXP-1998-07-25-a-i0143_Q7024,FALSE,0.951445,0.951445,0.015743,0.032812
164,EXP-1998-07-25-a-i0143,EXP-1998-07-25-a-i0143_Q668029,EXP-1998-07-25-a-i0143_Q68136,FALSE,0.881292,0.881292,0.082616,0.036092
165,EXP-1998-07-25-a-i0143,EXP-1998-07-25-a-i0143-NIL_faz,EXP-1998-07-25-a-i0143_Q807,FALSE,0.954362,0.954362,0.014719,0.030919
166,EXP-1998-07-25-a-i0143,EXP-1998-07-25-a-i0143_Q7379227,EXP-1998-07-25-a-i0143_Q14274,FALSE,0.928402,0.928402,0.036708,0.03489
167,EXP-1998-07-25-a-i0143,EXP-1998-07-25-a-i0143_Q668029,EXP-1998-07-25-a-i0143_Q14274,TRUE,0.969019,0.009065,0.969019,0.021916
168,test_fr_35,test_fr_35_Q25320,test_fr_35_Q29,FALSE,0.957626,0.957626,0.013343,0.029031
169,test_fr_35,test_fr_35_Q25320,test_fr_35_Q5489,FALSE,0.942377,0.942377,0.026733,0.03089
170,test_fr_35,test_fr_35_Q3160017,test_fr_35_Q5489,FALSE,0.929386,0.929386,0.038813,0.031802
171,test_fr_35,test_fr_35_Q25320,test_fr_35_Q290432,FALSE,0.958281,0.958281,0.014214,0.027505
172,test_fr_35,test_fr_35_Q171826,test_fr_35_Q29,FALSE,0.955377,0.955377,0.014507,0.030117
173,test_fr_35,test_fr_35_Q171826,test_fr_35_Q290432,FALSE,0.957439,0.957439,0.014538,0.028023
174,test_fr_35,test_fr_35_Q3160017,test_fr_35_Q290432,FALSE,0.949505,0.949505,0.022156,0.028339
175,test_fr_35,test_fr_35_Q3160017,test_fr_35_Q29,FALSE,0.941666,0.941666,0.027346,0.030988
176,test_fr_35,test_fr_35_Q171826,test_fr_35_Q5489,FALSE,0.957506,0.957506,0.015118,0.027375
177,dev_fr_13,dev_fr_13-NIL_sauge,dev_fr_13_Q3373423,TRUE,0.964182,0.011491,0.964182,0.024327
178,dev_fr_13,dev_fr_13-NIL_renault,dev_fr_13_Q3373423,FALSE,0.858259,0.858259,0.100326,0.041416
179,dev_fr_13,dev_fr_13-NIL_sauge,dev_fr_13_Q250024,TRUE,0.953494,0.019031,0.953494,0.027475
180,dev_fr_13,dev_fr_13-NIL_renault,dev_fr_13_Q250024,FALSE,0.926269,0.926269,0.044872,0.028859
181,hidden_test_fr_8,hidden_test_fr_8-NIL_e_guerin_artisan,hidden_test_fr_8-NIL_3_villa_st_michel_18e,FALSE,0.959314,0.959314,0.013684,0.027002
182,hidden_test_fr_8,hidden_test_fr_8-NIL_mocadet,hidden_test_fr_8-NIL_uvre_3773,FALSE,0.957111,0.957111,0.01376,0.029129
183,hidden_test_fr_8,hidden_test_fr_8-NIL_mocadet,hidden_test_fr_8-NIL_79_r_lafayet,FALSE,0.954878,0.954878,0.013944,0.031178
184,hidden_test_fr_8,hidden_test_fr_8-NIL_mme_de_russel,hidden_test_fr_8-NIL_53_r_legendre,FALSE,0.957935,0.957935,0.01489,0.027175
185,hidden_test_fr_8,hidden_test_fr_8-NIL_e_guerin_artisan,hidden_test_fr_8_Q90,TRUE,0.969044,0.009879,0.969044,0.021077
186,hidden_test_fr_8,hidden_test_fr_8-NIL_a_martel,hidden_test_fr_8-NIL__3792,FALSE,0.957393,0.957393,0.015235,0.027372
187,hidden_test_fr_8,hidden_test_fr_8-NIL_mme_de_russel,hidden_test_fr_8_Q90,FALSE,0.941555,0.941555,0.029565,0.02888
188,hidden_test_fr_8,hidden_test_fr_8-NIL_e_guerin_artisan,hidden_test_fr_8-NIL_137_bd_de_grenelle_15e,TRUE,0.964573,0.01344,0.964573,0.021987
189,hidden_test_fr_8,hidden_test_fr_8-NIL_hutton,hidden_test_fr_8-NIL_16_r_pavee_4e,FALSE,0.956387,0.956387,0.017111,0.026502
190,hidden_test_fr_8,hidden_test_fr_8-NIL_ruel_artisan_,hidden_test_fr_8-NIL_76_rue_marcadet_paris,FALSE,0.954917,0.954917,0.015678,0.029405
191,hidden_test_fr_8,hidden_test_fr_8-NIL_ruel_artisan_,hidden_test_fr_8-NIL_7_r_crussol_11e,FALSE,0.955488,0.955488,0.015205,0.029308
192,hidden_test_fr_8,hidden_test_fr_8-NIL_a_martel,hidden_test_fr_8-NIL_arc_31_92,FALSE,0.956619,0.956619,0.017385,0.025996
193,hidden_test_fr_8,hidden_test_fr_8-NIL_a_martel,hidden_test_fr_8-NIL_7_r_crussol_11e,FALSE,0.462539,0.462539,0.449184,0.088277
194,hidden_test_fr_8,hidden_test_fr_8-NIL_e_guerin_artisan,hidden_test_fr_8-NIL__3792,FALSE,0.922471,0.922471,0.045215,0.032314
195,hidden_test_fr_8,hidden_test_fr_8-NIL_ruel_artisan_,hidden_test_fr_8-NIL_3_villa_st_michel_18e,FALSE,0.954247,0.954247,0.014718,0.031036
196,hidden_test_fr_8,hidden_test_fr_8-NIL_ruel_artisan_,hidden_test_fr_8-NIL_arc_31_92,FALSE,0.956262,0.956262,0.014407,0.029331
197,GDL-1961-12-06-22,GDL-1961-12-06-22-NIL_r_juri,GDL-1961-12-06-22-NIL_vienne,FALSE,0.955117,0.955117,0.015928,0.028955
198,GDL-1961-12-06-22,GDL-1961-12-06-22-NIL_mm_h_homberger,GDL-1961-12-06-22-NIL_vienne,FALSE,0.953812,0.953812,0.018596,0.027591
199,GDL-1961-12-06-22,GDL-1961-12-06-22-NIL_w_jucker,GDL-1961-12-06-22-NIL_vienne,FALSE,0.955652,0.955652,0.015937,0.028411
200,GDL-1961-12-06-22,GDL-1961-12-06-22-NIL_u_meyer_boller,GDL-1961-12-06-22-NIL_vienne,FALSE,0.956574,0.956574,0.016077,0.027349
201,GDL-1961-12-06-22,GDL-1961-12-06-22-NIL_weber,GDL-1961-12-06-22-NIL_vienne,FALSE,0.955018,0.955018,0.017356,0.027626
202,GDL-1961-12-06-22,GDL-1961-12-06-22-NIL_u_meyer_boller,GDL-1961-12-06-22-NIL_fribourg,FALSE,0.952213,0.952213,0.019918,0.02787
203,GDL-1961-12-06-22,GDL-1961-12-06-22-NIL_mm_h_homberger,GDL-1961-12-06-22-NIL_fribourg,FALSE,0.947708,0.947708,0.022995,0.029297
204,GDL-1961-12-06-22,GDL-1961-12-06-22-NIL_w_jucker,GDL-1961-12-06-22-NIL_fribourg,FALSE,0.95192,0.95192,0.020543,0.027536
205,GDL-1961-12-06-22,GDL-1961-12-06-22-NIL_r_juri,GDL-1961-12-06-22-NIL_fribourg,FALSE,0.953044,0.953044,0.019171,0.027785
206,GDL-1961-12-06-22,GDL-1961-12-06-22-NIL_weber,GDL-1961-12-06-22-NIL_fribourg,FALSE,0.946248,0.946248,0.023689,0.030063
207,GDL-1961-12-06-22,GDL-1961-12-06-22-NIL_mm_h_homberger,GDL-1961-12-06-22-NIL_zoug,FALSE,0.940459,0.940459,0.029073,0.030468
208,GDL-1961-12-06-22,GDL-1961-12-06-22-NIL_r_juri,GDL-1961-12-06-22-NIL_zoug,FALSE,0.951328,0.951328,0.021685,0.026987
209,GDL-1961-12-06-22,GDL-1961-12-06-22-NIL_w_jucker,GDL-1961-12-06-22-NIL_singapour,FALSE,0.957032,0.957032,0.015713,0.027255
210,GDL-1961-12-06-22,GDL-1961-12-06-22-NIL_r_juri,GDL-1961-12-06-22-NIL_singapour,FALSE,0.956737,0.956737,0.016333,0.026929
211,GDL-1961-12-06-22,GDL-1961-12-06-22-NIL_w_jucker,GDL-1961-12-06-22-NIL_zoug,FALSE,0.955409,0.955409,0.018628,0.025963
212,GDL-1961-12-06-22,GDL-1961-12-06-22-NIL_mm_h_homberger,GDL-1961-12-06-22-NIL_singapour,FALSE,0.953606,0.953606,0.018592,0.027802
213,GDL-1898-10-31-a-i0013,GDL-1898-10-31-a-i0013-NIL_longet,GDL-1898-10-31-a-i0013_Q807,FALSE,0.955027,0.955027,0.01568,0.029293
214,GDL-1898-10-31-a-i0013,GDL-1898-10-31-a-i0013-NIL_buhler,GDL-1898-10-31-a-i0013_Q70,FALSE,0.959204,0.959204,0.014007,0.026789
215,GDL-1898-10-31-a-i0013,GDL-1898-10-31-a-i0013-NIL_longet,GDL-1898-10-31-a-i0013_Q70,FALSE,0.95426,0.95426,0.015304,0.030436
216,GDL-1898-10-31-a-i0013,GDL-1898-10-31-a-i0013-NIL_joliquin,GDL-1898-10-31-a-i0013_Q807,FALSE,0.95403,0.95403,0.015541,0.030429
217,GDL-1898-10-31-a-i0013,GDL-1898-10-31-a-i0013-NIL_de_loys,GDL-1898-10-31-a-i0013_Q807,FALSE,0.955927,0.955927,0.015093,0.028979
218,GDL-1898-10-31-a-i0013,GDL-1898-10-31-a-i0013-NIL_ernst,GDL-1898-10-31-a-i0013_Q807,FALSE,0.94875,0.94875,0.019537,0.031712
219,GDL-1898-10-31-a-i0013,GDL-1898-10-31-a-i0013-NIL_julie_deriaz,GDL-1898-10-31-a-i0013_Q807,FALSE,0.953916,0.953916,0.01554,0.030544
220,GDL-1898-10-31-a-i0013,GDL-1898-10-31-a-i0013-NIL_dutoit,GDL-1898-10-31-a-i0013_Q807,FALSE,0.956043,0.956043,0.014861,0.029096
221,GDL-1898-10-31-a-i0013,GDL-1898-10-31-a-i0013_Q517,GDL-1898-10-31-a-i0013_Q70,FALSE,0.956263,0.956263,0.014634,0.029103
222,GDL-1898-10-31-a-i0013,GDL-1898-10-31-a-i0013-NIL_l_decastella,GDL-1898-10-31-a-i0013_Q807,FALSE,0.955819,0.955819,0.015091,0.02909
223,GDL-1898-10-31-a-i0013,GDL-1898-10-31-a-i0013-NIL_blancpain,GDL-1898-10-31-a-i0013_Q807,FALSE,0.95516,0.95516,0.015081,0.029759
224,GDL-1898-10-31-a-i0013,GDL-1898-10-31-a-i0013-NIL_blancpain,GDL-1898-10-31-a-i0013_Q70,FALSE,0.954333,0.954333,0.016166,0.029502
225,GDL-1898-10-31-a-i0013,GDL-1898-10-31-a-i0013-NIL_dutoit,GDL-1898-10-31-a-i0013_Q70,FALSE,0.957149,0.957149,0.015592,0.027259
226,GDL-1898-10-31-a-i0013,GDL-1898-10-31-a-i0013-NIL_deriaz,GDL-1898-10-31-a-i0013_Q1019,FALSE,0.957109,0.957109,0.014878,0.028013
227,GDL-1898-10-31-a-i0013,GDL-1898-10-31-a-i0013_Q17631301,GDL-1898-10-31-a-i0013_Q807,FALSE,0.935709,0.935709,0.032522,0.031769
228,GDL-1898-10-31-a-i0013,GDL-1898-10-31-a-i0013-NIL_l_decastella,GDL-1898-10-31-a-i0013_Q70,FALSE,0.957739,0.957739,0.014772,0.027489
229,JDG-1981-02-18-82,JDG-1981-02-18-82-NIL_favre_blanc,JDG-1981-02-18-82-NIL_allemagne_federale,FALSE,0.95303,0.95303,0.019935,0.027035
230,JDG-1981-02-18-82,JDG-1981-02-18-82-NIL_mme_blanc,JDG-1981-02-18-82-NIL_allemagne_federale,FALSE,0.958118,0.958118,0.016745,0.025137
231,JDG-1981-02-18-82,JDG-1981-02-18-82-NIL_favre,JDG-1981-02-18-82-NIL_allemagne_federale,FALSE,0.959764,0.959764,0.015154,0.025082
232,JDG-1981-02-18-82,JDG-1981-02-18-82-NIL_favre,JDG-1981-02-18-82-NIL_berne,FALSE,0.960242,0.960242,0.014467,0.025291
233,JDG-1981-02-18-82,JDG-1981-02-18-82-NIL_favre_blanc,JDG-1981-02-18-82-NIL_berne,FALSE,0.94092,0.94092,0.02547,0.03361
234,JDG-1981-02-18-82,JDG-1981-02-18-82-NIL_mme_blanc,JDG-1981-02-18-82-NIL_berne,FALSE,0.939592,0.939592,0.029968,0.03044
235,JDG-1981-02-18-82,JDG-1981-02-18-82-NIL_favre_blanc,JDG-1981-02-18-82-NIL_suisse,TRUE,0.957231,0.014088,0.957231,0.028681
236,JDG-1981-02-18-82,JDG-1981-02-18-82-NIL_mme_blanc,JDG-1981-02-18-82-NIL_suisse,TRUE,0.957237,0.018231,0.957237,0.024532
237,JDG-1981-02-18-82,JDG-1981-02-18-82-NIL_favre,JDG-1981-02-18-82-NIL_suisse,FALSE,0.844648,0.844648,0.108439,0.046913
